item,status,retries,error
abrinal01,done,0,
achiupr01,done,0,
ackeral01,done,0,
acyqu01,done,0,
adamsha01,done,0,
adamsja01,done,0,
adamsjo01,done,0,
adamsst01,done,0,
adebaba01,done,0,
adrieje01,done,0,
afflaar01,done,0,
agbajoc01,done,0,
agerma01,done,0,
ahearbl01,done,0,
ajincal01,done,0,
akognjo01,done,0,
akoonde01,done,0,
alabiso01,done,0,
aldamsa01,done,0,
aldemfu01,done,0,
aldrico01,done,0,
aldrila01,done,0,
alexacl01,done,0,
alexaco02,done,0,
alexajo01,done,0,
alexani01,done,0,
allengr01,done,0,
allenja01,done,0,
allenla01,done,0,
allenma01,done,0,
allenti01,done,0,
allento01,done,0,
allrela01,done,0,
almonmo01,done,0,
alstora01,done,0,
aminual01,done,0,
amundlo01,done,0,
anderch01,done,0,
anderda03,done,0,
anderal01,done,0,
anderan02,done,0,
anderja01,done,0,
anderju01,done,0,
anderky01,done,0,
anderry01,done,0,
andrima01,done,0,
anigbik01,done,0,
antetgi01,done,0,
antetth01,done,0,
anthoca01,done,0,
anthoco01,done,0,
anthojo01,done,0,
anticpe01,done,0,
anunoog01,done,0,
applike01,done,0,
araujra01,done,0,
archiro01,done,0,
arenagi01,done,0,
arizatr01,done,0,
armstbr01,done,0,
armsthi01,done,0,
arroyca01,done,0,
arthuda01,done,0,
asikom01,done,0,
atkinch01,done,0,
augusdj01,done,0,
augusja01,done,0,
avdijde01,done,0,
averywi01,done,0,
ayongu01,done,0,
pendeje02,done,0,
aytonde01,done,0,
azubuke01,done,0,
babbch01,done,0,
babbilu01,done,0,
bacondw01,done,0,
bagarda01,done,0,
baglema02,done,0,
baglema01,done,0,
baileac01,done,0,
bairsca01,done,0,
bakerma01,done,0,
bakerro01,done,0,
balad01,done,0,
balkmre01,done,0,
ballla01,done,0,
balllo01,done,0,
bambamo01,done,0,
banchpa01,done,0,
banede01,done,0,
banksma01,done,0,
bantoda01,done,0,
barbeca01,done,0,
barbole01,done,0,
bareajo01,done,0,
bargnan01,done,0,
barkler01,done,0,
barneha02,done,0,
barnema02,done,0,
barnesc01,done,0,
barrean01,done,0,
barrerj01,done,0,
barroea01,done,0,
bartowi01,done,0,
basdeed01,done,0,
bassbr01,done,0,
basspa01,done,0,
bastoma01,done,0,
bateeme01,done,0,
batises01,done,0,
batismi01,done,0,
battish01,done,0,
batumni01,done,0,
baxtelo01,done,0,
bayleje01,done,0,
baynear01,done,0,
bazemke01,done,0,
bazleda01,done,0,
bealbr01,done,0,
beaslje01,done,0,
beaslma01,done,0,
beaslmi01,done,0,
beaubro01,done,0,
belinma01,done,0,
bellch01,done,0,
bellra01,done,0,
belltr01,done,0,
bembrde01,done,0,
bendedr01,done,0,
bendejo01,done,0,
benimje01,done,0,
bennean01,done,0,
bensoke02,done,0,
bentibe01,done,0,
berinjo01,done,0,
bertada02,done,0,
bertada01,done,0,
beverpa01,done,0,
beysa01,done,0,
bhullsi01,done,0,
biedran01,done,0,
birchkh01,done,0,
bitadgo01,done,0,
biyombi01,done,0,
bjeline01,done,0,
blackan01,done,0,
blackta01,done,0,
blairde01,done,0,
blakest01,done,0,
blalowi01,done,0,
blatcan01,done,0,
bledser01,done,0,
blounma01,done,0,
bobbito01,done,0,
boganke01,done,0,
bogdabo01,done,0,
bogdabo02,done,0,
bogutan01,done,0,
boldejo01,done,0,
bolmale01,done,0,
bonaad01,done,0,
bongais01,done,0,
bonnema01,done,0,
bookede01,done,0,
booketr01,done,0,
boonejo01,done,0,
boothca01,done,0,
boozeca01,done,0,
borchcu01,done,0,
borrela01,done,0,
boshch01,done,0,
bouknja01,done,0,
boumtru01,done,0,
bowdlca01,done,0,
bowenry01,done,0,
bowmair01,done,0,
bowmaky01,done,0,
bozemce01,done,0,
brackcr01,done,0,
bradlav01,done,0,
bradlmi01,done,0,
bradlto01,done,0,
braggto01,done,0,
bramlaj01,done,0,
brandel01,done,0,
branhma01,done,0,
braunch01,done,0,
bremejr01,done,0,
breweco01,done,0,
breweja01,done,0,
brewero02,done,0,
brezepr01,done,0,
bridgmi01,done,0,
bridgmi02,done,0,
briscis01,done,0,
brockjo01,done,0,
brogdma01,done,0,
brookaa01,done,0,
brookdi01,done,0,
brookma01,done,0,
broomjo01,done,0,
brownan01,done,0,
brownbo02,done,0,
brownbr01,done,0,
brownda02,done,0,
brownde03,done,0,
brownde04,done,0,
brownde02,done,0,
browner01,done,0,
brownja01,done,0,
brownja02,done,0,
brownke01,done,0,
brownko01,done,0,
brownkw01,done,0,
brownsh01,done,0,
brownst02,done,0,
brownti01,done,0,
browntr01,done,0,
brunsja01,done,0,
brussni01,done,0,
bryanca01,done,0,
bryanel01,done,0,
bryanth01,done,0,
buchash01,done,0,
buckngr01,done,0,
budinch01,done,0,
bufkiko01,done,0,
buforro01,done,0,
bullore01,done,0,
burkepa01,done,0,
burketr01,done,0,
burksal01,done,0,
burksan01,done,0,
burleke01,done,0,
burtode02,done,0,
burtoty01,done,0,
butleca01,done,0,
butleja01,done,0,
butleji01,done,0,
butlera01,done,0,
buyckdw01,done,0,
buzelma01,done,0,
byarsde01,done,0,
bynuman01,done,0,
bynumwi01,done,0,
cabarza01,done,0,
cabocbr01,done,0,
calatni01,done,0,
caldejo01,done,0,
caldwke01,done,0,
camarto01,done,0,
campafa01,done,0,
canaais01,done,0,
cancavl01,done,0,
capelca01,done,0,
caracde01,done,0,
cardibr01,done,0,
careyve01,done,0,
carlige01,done,0,
carnero01,done,0,
carrica01,done,0,
carrode01,done,0,
carroma01,done,0,
cartean01,done,0,
cartede02,done,0,
carteje01,done,0,
cartema01,done,0,
cartewe01,done,0,
cartemi01,done,0,
casspom01,done,0,
castlst01,done,0,
caulewi01,done,0,
caverah01,done,0,
celesjo01,done,0,
chalmli01,done,0,
chalmma01,done,0,
chandke01,done,0,
chandty01,done,0,
chandwi01,done,0,
cherrwi01,done,0,
childjo01,done,0,
chrisma01,done,0,
chrisca02,done,0,
chrisma02,done,0,
chrisdi01,done,0,
chrisra01,done,0,
chrisse01,done,0,
chrispa01,done,0,
clarkea01,done,0,
clarkia01,done,0,
clarkbr01,done,0,
clarkco01,done,0,
clarkjo01,done,0,
clavevi01,done,0,
claxtni01,done,0,
claxtsp01,done,0,
claytwa01,done,0,
cleavma01,done,0,
clemoch01,done,0,
cliffni01,done,0,
clingdo01,done,0,
clownno01,done,0,
coleno01,done,0,
colliis01,done,0,
collija02,done,0,
collija03,done,0,
collija04,done,0,
collijo01,done,0,
collima01,done,0,
collish01,done,0,
colliyu01,done,0,
colliza01,done,0,
collida01,done,0,
collini01,done,0,
colsose01,done,0,
comanch01,done,0,
conlemi01,done,0,
connapa01,done,0,
conrowi01,done,0,
cookbr01,done,0,
cookda02,done,0,
cookom01,done,0,
cooksxa01,done,0,
copelch01,done,0,
cottobr01,done,0,
coulibi01,done,0,
cousima01,done,0,
couside01,done,0,
covinro01,done,0,
cowarce01,done,0,
crabbal01,done,0,
crawfja01,done,0,
crawfjo01,done,0,
crawfjo02,done,0,
creekmi01,done,0,
crispjo01,done,0,
crittja01,done,0,
crowdja01,done,0,
cumbeja01,done,0,
cummivo01,done,0,
cunnica01,done,0,
cunnida01,done,0,
cunnija01,done,0,
curryed01,done,0,
curryja01,done,0,
curryse01,done,0,
curryst01,done,0,
dasiltr01,done,0,
dadiepa01,done,0,
dalemsa01,done,0,
daniedy01,done,0,
danieer01,done,0,
daniema01,done,0,
danietr01,done,0,
datomlu01,done,0,
davidje01,done,0,
daviebr01,done,0,
davisan02,done,0,
davisba01,done,0,
davisde01,done,0,
davised01,done,0,
davisgl01,done,0,
davisjo06,done,0,
davisjo02,done,0,
davispa01,done,0,
daviste02,done,0,
davisty01,done,0,
dawkian01,done,0,
dawsobr01,done,0,
dawsoer01,done,0,
dayeau01,done,0,
decolna01,done,0,
delauja01,done,0,
derozde01,done,0,
deckga01,done,0,
dedmode01,done,0,
dejeabr01,done,0,
dekkesa01,done,0,
delanma01,done,0,
delfica01,done,0,
dellama01,done,0,
denglu01,done,0,
dentmju01,done,0,
divindo01,done,0,
dialde01,done,0,
diallch01,done,0,
diallha01,done,0,
diawbo01,done,0,
diawamo01,done,0,
diawaya01,done,0,
diazgu01,done,0,
dickgr01,done,0,
dickada01,done,0,
dickeka01,done,0,
dienetr01,done,0,
dienggo01,done,0,
diengou01,done,0,
dilliro01,done,0,
dinwisp01,done,0,
dioguik01,done,0,
demineg01,done,0,
diopde01,done,0,
dixonju01,done,0,
doncilu01,done,0,
doolike01,done,0,
dorsejo01,done,0,
dortlu01,done,0,
dosunay01,done,0,
dotsoda01,done,0,
doubyqu01,done,0,
douglto01,done,0,
douglch01,done,0,
dowdeza01,done,0,
dragigo01,done,0,
dragizo01,done,0,
drewla02,done,0,
drobnpr01,done,0,
drumman01,done,0,
duartch01,done,0,
dudleja01,done,0,
duhonch01,done,0,
dukandu01,done,0,
dunlemi02,done,0,
dunnkr01,done,0,
dunnry01,done,0,
duprero01,done,0,
duranke01,done,0,
durenja01,done,0,
dysonje01,done,0,
earlycl01,done,0,
easonta01,done,0,
ebankde01,done,0,
ebind01,done,0,
echenja01,done,0,
eddieja01,done,0,
edeyza01,done,0,
edgecvj01,done,0,
edwarjo01,done,0,
edwarro01,done,0,
edwarsh01,done,0,
ekeziob01,done,0,
elamikh01,done,0,
ellebcj01,done,0,
ellenhe01,done,0,
ellinwa01,done,0,
ellismo01,done,0,
elsonfr01,done,0,
elyme01,done,0,
embiijo01,done,0,
emmetan01,done,0,
engliki01,done,0,
ennisja01,done,0,
ennisty01,done,0,
erdense01,done,0,
eschmev01,done,0,
essenno01,done,0,
evansja02,done,0,
evansje01,done,0,
evansma01,done,0,
evansre01,done,0,
evansty01,done,0,
ewingda01,done,0,
ewingpa02,done,0,
exumda01,done,0,
eyengch01,done,0,
ezelife01,done,0,
farieke01,done,0,
farmajo01,done,0,
farmede01,done,0,
favervi01,done,0,
favorde01,done,0,
fazekni01,done,0,
fearsje01,done,0,
feliccr01,done,0,
felixca01,done,0,
felixno01,done,0,
feltora01,done,0,
fergude01,done,0,
fergute01,done,0,
fernaru01,done,0,
ferreyo01,done,0,
fesenky01,done,0,
fieldla01,done,0,
filipky01,done,0,
finnedo01,done,0,
fitchge01,done,0,
fizerma01,done,0,
flaggco01,done,0,
flemira01,done,0,
florelu01,done,0,
flynnjo01,done,0,
flynnma01,done,0,
fontais01,done,0,
fontesi01,done,0,
footeje01,done,0,
forbebr01,done,0,
forbega01,done,0,
fordal03,done,0,
fordal02,done,0,
fordsh02,done,0,
fordtj01,done,0,
fortejo01,done,0,
fortsco01,done,0,
fosteje01,done,0,
fotsian01,done,0,
fournev01,done,0,
fowlktr01,done,0,
foxde01,done,0,
foyera01,done,0,
frahmri01,done,0,
francst01,done,0,
frankja01,done,0,
frankro01,done,0,
fraziti01,done,0,
fredeji01,done,0,
kanteen01,done,0,
freeljo01,done,0,
freijma01,done,0,
fryech01,done,0,
fullehi01,done,0,
fultzma01,done,0,
furphjo01,done,0,
gadzuda01,done,0,
gaffoda01,done,0,
gaide01,done,0,
gainere01,done,0,
gainesu01,done,0,
gallida01,done,0,
gallola01,done,0,
garbajo01,done,0,
garceru01,done,0,
garcial01,done,0,
garcian01,done,0,
garcifr01,done,0,
gardnth01,done,0,
garinpa01,done,0,
garlada01,done,0,
garrebi01,done,0,
garredi02,done,0,
gasolma01,done,0,
gasolpa01,done,0,
gayru01,done,0,
gbinimi01,done,0,
geeal01,done,0,
gelabmi01,done,0,
georgde01,done,0,
georgke01,done,0,
georgky01,done,0,
georgpa01,done,0,
georgma01,done,0,
gibsoda01,done,0,
gibsojo01,done,0,
gibsota01,done,0,
giddejr01,done,0,
giddejo01,done,0,
gildetr01,done,0,
gilgesh01,done,0,
gillan01,done,0,
gilled01,done,0,
gillefr01,done,0,
ginobma01,done,0,
giricgo01,done,0,
gladnmi01,done,0,
glovedi01,done,0,
glynian01,done,0,
goberru01,done,0,
gomesry01,done,0,
gonzahu01,done,0,
goodedr01,done,0,
goodrst01,done,0,
goodwar01,done,0,
gordoaa01,done,0,
gordobe01,done,0,
gordodr01,done,0,
gordoer01,done,0,
gortama01,done,0,
goudean01,done,0,
grahade01,done,0,
grahajo01,done,0,
grahast01,done,0,
grahatr01,done,0,
grangda01,done,0,
grantje01,done,0,
grantje02,done,0,
graveha01,done,0,
grayaa01,done,0,
grayha01,done,0,
greenda02,done,0,
greende01,done,0,
greendr01,done,0,
greener01,done,0,
greenge01,done,0,
greenja05,done,0,
greenja01,done,0,
greenja02,done,0,
greenje02,done,0,
greenjo02,done,0,
greenta01,done,0,
greenwi01,done,0,
greendo01,done,0,
greenor01,done,0,
greerly01,done,0,
griffad01,done,0,
griffaj01,done,0,
griffbl01,done,0,
griffed01,done,0,
griffta01,done,0,
grimequ01,done,0,
grundan01,done,0,
gudurma01,done,0,
gueyemo02,done,0,
gutiejo01,done,0,
guytoaj01,done,0,
hachiru01,done,0,
haddaha01,done,0,
hairsma01,done,0,
hairspj02,done,0,
haislma01,done,0,
halibty01,done,0,
halldo01,done,0,
hallmi01,done,0,
hallty01,done,0,
hamiljo02,done,0,
hamilju01,done,0,
hamilri01,done,0,
hamilta01,done,0,
hamilze01,done,0,
hammoaj01,done,0,
handlbe01,done,0,
hannadu01,done,0,
hansbbe01,done,0,
hansbty01,done,0,
hansetr01,done,0,
yangha01,done,0,
haranlu01,done,0,
hardati02,done,0,
hardeja01,done,0,
hardyja02,done,0,
harklma01,done,0,
harpedy01,done,0,
harpeju01,done,0,
harremo01,done,0,
harrejo01,done,0,
harriad01,done,0,
harriju01,done,0,
harride01,done,0,
harriel01,done,0,
harriga01,done,0,
harrijo01,done,0,
harrima01,done,0,
harrimi01,done,0,
harrite01,done,0,
harrito02,done,0,
harriaa01,done,0,
harrian01,done,0,
harrida01,done,0,
hartja01,done,0,
hartjo01,done,0,
harteis01,done,0,
harvedo01,done,0,
hasleud01,done,0,
hassetr01,done,0,
hastoki01,done,0,
hawessp01,done,0,
hawkijo01,done,0,
hawkiju01,done,0,
hayesch01,done,0,
hayesja01,done,0,
hayesja02,done,0,
hayeski01,done,0,
hayesni01,done,0,
haywago01,done,0,
haywala01,done,0,
haywobr01,done,0,
headlu01,done,0,
hendege02,done,0,
hendesc01,done,0,
hendrta01,done,0,
henryxa01,done,0,
hensojo01,done,0,
hernade01,done,0,
hernaju01,done,0,
hernawi01,done,0,
herrech01,done,0,
herrmwa01,done,0,
herroty01,done,0,
hezonma01,done,0,
hibbero01,done,0,
hicksjj01,done,0,
hieldbu01,done,0,
higgico01,done,0,
hilarne01,done,0,
hillge01,done,0,
hilljo01,done,0,
hillso01,done,0,
hillst01,done,0,
hinriki01,done,0,
hitero01,done,0,
hobsoda01,done,0,
hodgeju01,done,0,
holcora01,done,0,
holidaa01,done,0,
holidjr01,done,0,
holidju01,done,0,
hollaro01,done,0,
holliry01,done,0,
holliro01,done,0,
holmeda01,done,0,
holmeri01,done,0,
holmgch01,done,0,
honeyty01,done,0,
hoodde01,done,0,
hoodro01,done,0,
hopsosc01,done,0,
horfoal01,done,0,
hornede01,done,0,
hortota01,done,0,
houseed01,done,0,
howardw01,done,0,
howarje01,done,0,
howarjo01,done,0,
hudsole01,done,0,
huertma01,done,0,
huertke01,done,0,
huestjo01,done,0,
huffmna01,done,0,
hugheel01,done,0,
hugheri02,done,0,
hummero01,done,0,
humphry01,done,0,
humphis01,done,0,
humphkr01,done,0,
huntebr01,done,0,
huntech01,done,0,
huntede01,done,0,
hunteot01,done,0,
huntest01,done,0,
hurtma01,done,0,
ibakase01,done,0,
ighodos01,done,0,
iguodan01,done,0,
ilicmi01,done,0,
mbengdj01,done,0,
ilyaser01,done,0,
inglejo01,done,0,
inglida01,done,0,
ingraan01,done,0,
ingrabr01,done,0,
irvinky01,done,0,
isaacjo01,done,0,
iveyja01,done,0,
iveyro01,done,0,
iwundwe01,done,0,
jackja01,done,0,
jacksaa01,done,0,
jacksan01,done,0,
jacksce01,done,0,
jacksda01,done,0,
jacksis01,done,0,
jacksja02,done,0,
jacksje01,done,0,
jacksjo02,done,0,
jacksre01,done,0,
jacksst02,done,0,
jackstr02,done,0,
jacobca01,done,0,
jakucka01,done,0,
jamesbe01,done,0,
jamesbr02,done,0,
jamesda01,done,0,
jamesle01,done,0,
jamesmi01,done,0,
jamessi01,done,0,
jamesti01,done,0,
jamisha01,done,0,
jaqueja01,done,0,
jaricma01,done,0,
jasiksa01,done,0,
jawaina01,done,0,
jeffech01,done,0,
jeffeot01,done,0,
jeffeal01,done,0,
jeffeco01,done,0,
jeffedo01,done,0,
jefferi01,done,0,
jeffrja01,done,0,
jenkich01,done,0,
jenkiho01,done,0,
jenkijo01,done,0,
jennibr01,done,0,
jerebjo01,done,0,
jerregr01,done,0,
jetereu01,done,0,
jianlyi01,done,0,
joeis01,done,0,
johnsbr01,done,0,
johnsaj01,done,0,
johnsal01,done,0,
johnsam01,done,0,
johnsar02,done,0,
johnsbr02,done,0,
johnsca02,done,0,
johnsca01,done,0,
johnsch03,done,0,
johnsch04,done,0,
johnsda04,done,0,
johnsde02,done,0,
johnsde03,done,0,
johnsiv01,done,0,
johnsja02,done,0,
johnsja05,done,0,
johnsja01,done,0,
johnsjo02,done,0,
johnske04,done,0,
johnske03,done,0,
johnsli01,done,0,
johnsni01,done,0,
johnsom01,done,0,
johnsor01,done,0,
johnsst04,done,0,
johnstr03,done,0,
johnstr01,done,0,
johnsty01,done,0,
johnswe01,done,0,
johnsda03,done,0,
jokicni01,done,0,
jonesal01,done,0,
jonesbo02,done,0,
jonesda02,done,0,
jonesda03,done,0,
jonesde01,done,0,
jonesdo02,done,0,
jonesdw02,done,0,
jonesfr01,done,0,
joneshe01,done,0,
jonesja02,done,0,
jonesje01,done,0,
jonesju01,done,0,
joneska03,done,0,
joneske01,done,0,
jonesma03,done,0,
jonespe01,done,0,
jonesso01,done,0,
joneste01,done,0,
jonestr01,done,0,
jonesty01,done,0,
jordade01,done,0,
jordaje01,done,0,
josepco01,done,0,
josepga01,done,0,
josepkr01,done,0,
jovicni01,done,0,
kalaige01,done,0,
kalkbry01,done,0,
kamanch01,done,0,
kaminfr01,done,0,
kaponja01,done,0,
karasse01,done,0,
karlco01,done,0,
kasunma01,done,0,
kaunsa01,done,0,
kellyry01,done,0,
kennalu01,done,0,
kennedj01,done,0,
kesslwa01,done,0,
ketnela01,done,0,
khryavi01,done,0,
kiddst01,done,0,
kiddgmi01,done,0,
kilpase01,done,0,
kinseta01,done,0,
kirilan01,done,0,
kirkal01,done,0,
kispeco01,done,0,
klebima01,done,0,
kleizli01,done,0,
klintbo01,done,0,
knechda01,done,0,
knighbr02,done,0,
knighbr03,done,0,
knoxke01,done,0,
knuepko01,done,0,
kolekty01,done,0,
konanya01,done,0,
korkmfu01,done,0,
korolya01,done,0,
korveky01,done,0,
koufoko01,done,0,
kravtvi01,done,0,
krstine01,done,0,
kuminjo01,done,0,
kurucro01,done,0,
kurzro01,done,0,
kutluib01,done,0,
kuzmaky01,done,0,
kuzmiog01,done,0,
kuzmimi01,done,0,
laravja01,done,0,
lavinza01,done,0,
labissk01,done,0,
lafayol01,done,0,
lambdo01,done,0,
lambje01,done,0,
lampema01,done,0,
lamplse01,done,0,
landajo01,done,0,
landrca01,done,0,
landrma01,done,0,
langja01,done,0,
langdtr01,done,0,
langfke01,done,0,
langfro01,done,0,
langhda01,done,0,
laniech01,done,0,
laproni01,done,0,
larkish01,done,0,
larsspe01,done,0,
lasmest01,done,0,
lauvejo01,done,0,
lawac01,done,0,
lawalga01,done,0,
lawsoty01,done,0,
laymaja01,done,0,
leverca01,done,0,
lecquja01,done,0,
ledori01,done,0,
leeco01,done,0,
leeda02,done,0,
leema01,done,0,
lemonwa01,done,0,
lenal01,done,0,
leonaka01,done,0,
leoname01,done,0,
leslitr01,done,0,
leuerjo01,done,0,
lewiski01,done,0,
lewisma05,done,0,
lewisqu01,done,0,
liggide01,done,0,
lillada01,done,0,
linje01,done,0,
littlna01,done,0,
livelde01,done,0,
livinsh01,done,0,
loftoza01,done,0,
longar01,done,0,
longsh01,done,0,
looneke01,done,0,
lopezbr01,done,0,
lopezra01,done,0,
lopezro01,done,0,
loveke01,done,0,
loverla01,done,0,
lowryky01,done,0,
lucasjo02,done,0,
luwawti01,done,0,
lydonty01,done,0,
lylestr01,done,0,
mcclesh01,done,0,
maccuto01,done,0,
machasc01,done,0,
macijar01,done,0,
macksh01,done,0,
macklve01,done,0,
maddoti01,done,0,
madsema01,done,0,
maggeco01,done,0,
magloja01,done,0,
mahinia01,done,0,
majorre01,done,0,
makerth01,done,0,
maluakh01,done,0,
mannte01,done,0,
manntr01,done,0,
marblde01,done,0,
mariosh01,done,0,
marjabo01,done,0,
markkla01,done,0,
markoda01,done,0,
marshke01,done,0,
marshra01,done,0,
martica01,done,0,
martico01,done,0,
martija01,done,0,
martike01,done,0,
martike02,done,0,
martike04,done,0,
masonde01,done,0,
masonro01,done,0,
matenya01,done,0,
mathida01,done,0,
mathube01,done,0,
matkoka01,done,0,
matthwe02,done,0,
maxeyty01,done,0,
maxieja01,done,0,
mayse01,done,0,
maynoer01,done,0,
mayooj01,done,0,
mbahalu01,done,0,
mbengbe01,done,0,
mcbrimi01,done,0,
mccaija01,done,0,
mccalta01,done,0,
mccalra01,done,0,
mccanra01,done,0,
mccawpa01,done,0,
mcclida01,done,0,
mccolcj01,done,0,
mccontj01,done,0,
mccrach01,done,0,
mcculch01,done,0,
mcdanja02,done,0,
mcdanja01,done,0,
mcdankj01,done,0,
mcgrica01,done,0,
mcgruro01,done,0,
mcguido01,done,0,
mckintr01,done,0,
mckinal01,done,0,
mclembe01,done,0,
mcleoke01,done,0,
mcneaje01,done,0,
mcneeli01,done,0,
mcphepa01,done,0,
mcraejo01,done,0,
mcrobjo01,done,0,
medvest01,done,0,
meeksjo01,done,0,
mejrisa01,done,0,
mekelga01,done,0,
mellini01,done,0,
melofa01,done,0,
meltode01,done,0,
mensapo01,done,0,
merrisa01,done,0,
micicva01,done,0,
mickejo01,done,0,
middlkh01,done,0,
mihmch01,done,0,
mikaer01,done,0,
milesaa01,done,0,
milescj01,done,0,
milesda01,done,0,
milicda01,done,0,
millean02,done,0,
millebr02,done,0,
milleda01,done,0,
millele01,done,0,
millemi01,done,0,
millequ01,done,0,
millspa02,done,0,
millsel01,done,0,
millspa01,done,0,
mingya01,done,0,
minotjo01,done,0,
mirotni01,done,0,
miskija01,done,0,
missiyv01,done,0,
mitchda01,done,0,
mitchdo01,done,0,
mitchto03,done,0,
mitchto02,done,0,
mobleev01,done,0,
mogbojo01,done,0,
moisoje01,done,0,
monekch01,done,0,
moniase01,done,0,
monkma01,done,0,
monrogr01,done,0,
moodymo01,done,0,
moonja01,done,0,
mooreet01,done,0,
moranja01,done,0,
moreler01,done,0,
morgaju01,done,0,
morrida01,done,0,
morrija01,done,0,
morrima03,done,0,
morrima02,done,0,
morrira01,done,0,
morrite01,done,0,
morriad01,done,0,
morroan01,done,0,
motiedo01,done,0,
mottoha01,done,0,
moultar01,done,0,
mozgoti01,done,0,
mudiaem01,done,0,
muhamsh01,done,0,
mulleby01,done,0,
murkead01,done,0,
murpher01,done,0,
murphke01,done,0,
murphtr02,done,0,
murphtr01,done,0,
murrade01,done,0,
murraja01,done,0,
murrake02,done,0,
murrakr01,done,0,
murraro01,done,0,
murraco01,done,0,
murryto01,done,0,
musadz01,done,0,
muscami01,done,0,
mykhasv01,done,0,
ndiayha01,done,0,
ndiayma02,done,0,
ndongbo01,done,0,
nachbbo01,done,0,
naderab01,done,0,
nailole01,done,0,
najered01,done,0,
nancela02,done,0,
napiesh01,done,0,
navarju01,done,0,
ndourma01,done,0,
nealga01,done,0,
nedovne01,done,0,
nelsode01,done,0,
nelsogr02,done,0,
nelsoja01,done,0,
nembhan01,done,0,
nesmiaa01,done,0,
netora01,done,0,
newblir01,done,0,
newelas01,done,0,
newmama01,done,0,
nichode01,done,0,
nichoan01,done,0,
nnajize01,done,0,
noahjo01,done,0,
nocioan01,done,0,
noelda01,done,0,
noelne01,done,0,
noguelu01,done,0,
norveza01,done,0,
novakst01,done,0,
nowelja01,done,0,
ntilila01,done,0,
nunnke01,done,0,
nurkiju01,done,0,
nwabada01,done,0,
nworajo01,done,0,
obriejj01,done,0,
obryajo01,done,0,
obryapa01,done,0,
onealro01,done,0,
oquinky01,done,0,
obertfa01,done,0,
ochefda01,done,0,
odengr01,done,0,
odomla01,done,0,
ohlbrti01,done,0,
ojelese01,done,0,
okafoem01,done,0,
okafoja01,done,0,
okanito01,done,0,
okekech01,done,0,
okoboel01,done,0,
okogijo01,done,0,
okongon01,done,0,
okorois01,done,0,
okpalkz01,done,0,
okurme01,done,0,
oladivi01,done,0,
oliveca01,done,0,
olivede01,done,0,
olynyke01,done,0,
onimi01,done,0,
onuakar01,done,0,
onuakch01,done,0,
ortonda01,done,0,
osmande01,done,0,
oturuda01,done,0,
oubreke01,done,0,
outlatr01,done,0,
owensan01,done,0,
owensch01,done,0,
owensla01,done,0,
oyedeol01,done,0,
pachuza01,done,0,
padgesc01,done,0,
paigeja01,done,0,
palacmi01,done,0,
palmetr01,done,0,
pangoke01,done,0,
pankoan01,done,0,
papagge01,done,0,
papanko01,done,0,
pargoja01,done,0,
pargoje01,done,0,
parkeja01,done,0,
parkesm01,done,0,
parketo01,done,0,
parsoch01,done,0,
pattela01,done,0,
pattepa01,done,0,
paulbr01,done,0,
paulch01,done,0,
pavloal01,done,0,
payneca01,done,0,
paytoel01,done,0,
peavymi01,done,0,
pecheol01,done,0,
pekovni01,done,0,
pelleno01,done,0,
penbemi01,done,0,
pendano01,done,0,
penigde01,done,0,
penneki01,done,0,
pereima01,done,0,
perkike01,done,0,
perovko01,done,0,
petermo01,done,0,
petrojo01,done,0,
petrufi01,done,0,
phillju01,done,0,
pickeja02,done,0,
pietrmi01,done,0,
pinknke01,done,0,
pittmde01,done,0,
planizo01,done,0,
pleisti01,done,0,
plumlma01,done,0,
plumlmi01,done,0,
podkopa01,done,0,
podzibr01,done,0,
poeltja01,done,0,
poirivi01,done,0,
pokusal01,done,0,
pondequ01,done,0,
pondssh01,done,0,
poolejo01,done,0,
portech01,done,0,
porteke02,done,0,
portemi01,done,0,
porteot01,done,0,
portibo01,done,0,
porzikr01,done,0,
poseyja01,done,0,
postela01,done,0,
powele01,done,0,
poweldr01,done,0,
poweldw01,done,0,
poweljo01,done,0,
powelka01,done,0,
powelno01,done,0,
powelro01,done,0,
pressph01,done,0,
priceaj01,done,0,
pricero01,done,0,
prigipa01,done,0,
princta02,done,0,
princta01,done,0,
pritcpa01,done,0,
proctty01,done,0,
profila01,done,0,
pruitga01,done,0,
przybjo01,done,0,
purviro01,done,0,
qizh01,done,0,
quartti01,done,0,
queende01,done,0,
quickim01,done,0,
quinnch01,done,0,
rabbiv01,done,0,
radmavl01,done,0,
radojal01,done,0,
radulmi01,done,0,
rakocig01,done,0,
ramospe01,done,0,
ramseja01,done,0,
randlju01,done,0,
randoan01,done,0,
randosh01,done,0,
randoza01,done,0,
rathaxa01,done,0,
rautian01,done,0,
rayal01,done,0,
raynama01,done,0,
reaveau01,done,0,
rebraze01,done,0,
reddmi01,done,0,
reddica01,done,0,
redicjj01,done,0,
reedju01,done,0,
reedwi02,done,0,
reidna01,done,0,
reidry01,done,0,
reineja01,done,0,
rentzef01,done,0,
ricegl02,done,0,
richach01,done,0,
richawi02,done,0,
richani01,done,0,
richaja02,done,0,
richaja01,done,0,
richaje01,done,0,
richajo01,done,0,
richama01,done,0,
richano01,done,0,
richaqu01,done,0,
richmka01,done,0,
ridnolu01,done,0,
rigauan01,done,0,
rileywi01,done,0,
risacza01,done,0,
riverau01,done,0,
roberan03,done,0,
roberan02,done,0,
roberte01,done,0,
roberbr01,done,0,
roberla01,done,0,
roberry01,done,0,
robinbe01,done,0,
robindu01,done,0,
robined01,done,0,
robingl02,done,0,
robinja03,done,0,
robinmi01,done,0,
robinna01,done,0,
robinth01,done,0,
robyis01,done,0,
rodrise01,done,0,
rondora01,done,0,
rosede01,done,0,
rossqu01,done,0,
rosste01,done,0,
roybr01,done,0,
roziete01,done,0,
rubiori01,done,0,
ruckegu01,done,0,
rudezda01,done,0,
ruffimi01,done,0,
rushbr01,done,0,
rushka01,done,0,
russeda01,done,0,
russewa02,done,0,
sabondo01,done,0,
sacrero01,done,0,
salauti01,done,0,
salmojo01,done,0,
samakso01,done,0,
sambch01,done,0,
sampsja01,done,0,
samuesa01,done,0,
sanchpe01,done,0,
sandela01,done,0,
sandeme01,done,0,
santida01,done,0,
santogu01,done,0,
sarafbe01,done,0,
saricda01,done,0,
sarral01,done,0,
sasseje01,done,0,
sassema01,done,0,
satorto01,done,0,
satteke01,done,0,
savovpr01,done,0,
scalabr01,done,0,
scaleal01,done,0,
scheiba01,done,0,
schenlu01,done,0,
schrode01,done,0,
scolalu01,done,0,
scottmi01,done,0,
scotttr01,done,0,
sefolth01,done,0,
selbyjo01,done,0,
seldewa01,done,0,
senesa01,done,0,
sengual01,done,0,
sensabr01,done,0,
serapke01,done,0,
sesayan01,done,0,
sessira01,done,0,
seungha01,done,0,
sextoco01,done,0,
shakumu01,done,0,
shamela01,done,0,
shannte01,done,0,
sharpda01,done,0,
sharpsh01,done,0,
sharpwa01,done,0,
sheadja01,done,0,
shengto01,done,0,
sheppbe01,done,0,
sheppre01,done,0,
shirlpa01,done,0,
shumpim01,done,0,
shvedal01,done,0,
siakapa01,done,0,
siberjo01,done,0,
silasxa01,done,0,
silerga01,done,0,
silvach01,done,0,
simiewa01,done,0,
simmobe01,done,0,
simmobo01,done,0,
simmoce01,done,0,
simmojo02,done,0,
simonma01,done,0,
simonan01,done,0,
simpsza01,done,0,
simsco01,done,0,
simshe01,done,0,
simsja01,done,0,
singlky01,done,0,
singlse01,done,0,
singlch01,done,0,
singlja01,done,0,
sirvyde01,done,0,
sivape01,done,0,
slayta01,done,0,
sloando01,done,0,
slokaur01,done,0,
smailal01,done,0,
smartma01,done,0,
smithch05,done,0,
smithcr01,done,0,
smithde03,done,0,
smithdo04,done,0,
smithgr02,done,0,
smithis01,done,0,
smithjr01,done,0,
smithja01,done,0,
smithja05,done,0,
smithja04,done,0,
smithja02,done,0,
smithje01,done,0,
smithjo03,done,0,
smithle01,done,0,
smithma02,done,0,
smithmi03,done,0,
smithno01,done,0,
smithru01,done,0,
smithst03,done,0,
smithth01,done,0,
smithzh01,done,0,
snellto01,done,0,
snydeki01,done,0,
sochaje01,done,0,
solomwi01,done,0,
songada01,done,0,
southja01,done,0,
sowpa01,done,0,
spanova01,done,0,
speigma01,done,0,
spellom01,done,0,
splitti01,done,0,
sprinja01,done,0,
stausni01,done,0,
stephdj01,done,0,
stephla01,done,0,
stephal01,done,0,
stevede01,done,0,
stewais01,done,0,
stiemgr01,done,0,
stockda01,done,0,
stokeja01,done,0,
stonedi01,done,0,
stoneju01,done,0,
storeaw01,done,0,
stoudsa01,done,0,
stoudam01,done,0,
strawdj01,done,0,
strawju01,done,0,
stuckro01,done,0,
suggsja01,done,0,
sullija01,done,0,
summeda01,done,0,
swanica01,done,0,
sweetmi01,done,0,
swiftro01,done,0,
swiftst01,done,0,
swordcr01,done,0,
sypa01,done,0,
sykeske01,done,0,
szczewa02,done,0,
tabusyu01,done,0,
taftch01,done,0,
tarladr01,done,0,
tateja01,done,0,
tatumja01,done,0,
tavarwa01,done,0,
taylodo01,done,0,
taylois01,done,0,
tayloje03,done,0,
tayloje02,done,0,
taylomi01,done,0,
tayloty01,done,0,
teaguje01,done,0,
teaguma01,done,0,
teletmi01,done,0,
telfase01,done,0,
templga01,done,0,
teodomi01,done,0,
terryem01,done,0,
terryja01,done,0,
teskejo01,done,0,
thabeha01,done,0,
theisda01,done,0,
thierad01,done,0,
thomaad01,done,0,
thomabi01,done,0,
thomaca02,done,0,
thomaet01,done,0,
thomais02,done,0,
thomaja01,done,0,
thomaja02,done,0,
thomake01,done,0,
thomakh01,done,0,
thomala01,done,0,
thomama01,done,0,
thomama02,done,0,
thomaty01,done,0,
thomptr02,done,0,
thompam01,done,0,
thompau01,done,0,
thompdi01,done,0,
thompho01,done,0,
thompja02,done,0,
thompkl01,done,0,
thompmy02,done,0,
thomptr01,done,0,
thornal01,done,0,
thornma01,done,0,
thybuma01,done,0,
tillmxa01,done,0,
tinslja01,done,0,
tobeymi01,done,0,
toddis01,done,0,
tollian01,done,0,
topicni01,done,0,
toppiob01,done,0,
torreos01,done,0,
townska01,done,0,
traorno01,done,0,
trentga02,done,0,
trepaje01,done,0,
trieral01,done,0,
trybace01,done,0,
tsakaja01,done,0,
tskitni01,done,0,
tuckeal02,done,0,
tuckepj01,done,0,
turiaro01,done,0,
turkcmi01,done,0,
turkohe01,done,0,
turneev01,done,0,
turnemy01,done,0,
turnewa01,done,0,
tylerje01,done,0,
tysonhu01,done,0,
tysonja01,done,0,
ubileed01,done,0,
udohek01,done,0,
udokaim01,done,0,
udrihbe01,done,0,
ukicro01,done,0,
ulisty01,done,0,
uthofja01,done,0,
uzohbe01,done,0,
valanjo01,done,0,
valende01,done,0,
vanvlfr01,done,0,
vandeja01,done,0,
vanteda01,done,0,
vardara01,done,0,
varejan01,done,0,
varnaja01,done,0,
vasqugr01,done,0,
vassede01,done,0,
vaughra01,done,0,
veselja01,done,0,
vezenal01,done,0,
villach01,done,0,
vincima01,done,0,
vonleno01,done,0,
voskuja01,done,0,
vranesl01,done,0,
vromaja01,done,0,
vucevni01,done,0,
vujacsa01,done,0,
wadede01,done,0,
wadedw01,done,0,
wafervo01,done,0,
wagneda02,done,0,
wagnefr01,done,0,
wagnemo01,done,0,
waitedi01,done,0,
walkebi01,done,0,
walkeja02,done,0,
walkeke02,done,0,
walkelo01,done,0,
walkemj01,done,0,
walljo01,done,0,
wallaca01,done,0,
wallage01,done,0,
walshjo01,done,0,
walshma01,done,0,
walteja01,done,0,
waltolu01,done,0,
wanambr01,done,0,
wareca01,done,0,
wareke01,done,0,
warneja01,done,0,
warretj01,done,0,
warrewi01,done,0,
warriha01,done,0,
washida01,done,0,
washipj01,done,0,
watkida01,done,0,
watsocj01,done,0,
watsoea01,done,0,
watsope01,done,0,
waynsma01,done,0,
wearda01,done,0,
weartr01,done,0,
weaveky01,done,0,
webstma02,done,0,
weemsso01,done,0,
wellsja01,done,0,
welscji01,done,0,
wembavi01,done,0,
weslebl01,done,0,
westda01,done,0,
westde01,done,0,
westma02,done,0,
westbru01,done,0,
whalero01,done,0,
wheelph02,done,0,
whiteco01,done,0,
whitedj01,done,0,
whitede01,done,0,
whiteja02,done,0,
whiteok01,done,0,
whitero02,done,0,
whitero03,done,0,
whiteda01,done,0,
whiteha01,done,0,
whitmca01,done,0,
whittsh01,done,0,
wiggian01,done,0,
wilcoch01,done,0,
wilkida02,done,0,
wilksmi01,done,0,
willico04,done,0,
willide01,done,0,
willide02,done,0,
williel01,done,0,
willifr02,done,0,
willigr01,done,0,
willija06,done,0,
willija04,done,0,
willija03,done,0,
willija07,done,0,
willijo03,done,0,
williju01,done,0,
willike04,done,0,
willilo02,done,0,
willima03,done,0,
willima04,done,0,
willima07,done,0,
willima02,done,0,
willima01,done,0,
willipa01,done,0,
willire02,done,0,
williro04,done,0,
willise01,done,0,
willish03,done,0,
willish02,done,0,
willite01,done,0,
willizi02,done,0,
willini01,done,0,
willilu01,done,0,
willizi01,done,0,
willode01,done,0,
wilsodj01,done,0,
wiltjky01,done,0,
winslju01,done,0,
wisemja01,done,0,
witheje01,done,0,
wolfda01,done,0,
wolkoru01,done,0,
woodch01,done,0,
woodslo01,done,0,
woodsqy01,done,0,
artesro01,done,0,
wrighan01,done,0,
wrighbr02,done,0,
wrighbr03,done,0,
wrighch01,done,0,
wrighch02,done,0,
wrighde01,done,0,
wrighdo01,done,0,
wrighju01,done,0,
wroteto01,done,0,
yabusgu01,done,0,
yarbrvi01,done,0,
youngjo01,done,0,
youngni01,done,0,
youngsa01,done,0,
youngth01,done,0,
youngti01,done,0,
youngtr01,done,0,
yuesu01,done,0,
yurtsom01,done,0,
zelleco01,done,0,
zellelu01,done,0,
zellety01,done,0,
zhizhwa01,done,0,
zimmede01,done,0,
zimmest01,done,0,
zipsepa01,done,0,
zizican01,done,0,
zubaciv01,done,0,
alumape01,done,0,
baileto01,done,0,
bakerla01,done,0,
benjaco01,done,0,
bibbymi01,done,0,
boykiea01,done,0,
brownge02,done,0,
carrco01,done,0,
cartevi01,done,0,
clarkke01,done,0,
davidko01,done,0,
davisri01,done,0,
dickemi01,done,0,
doleami01,done,0,
drewbr01,done,0,
edwaran01,done,1,
edwarca01,done,1,
edwarco01,done,1,
garnema01,done,0,
garripa01,done,0,
grantpa01,done,0,
harprma01,done,0,
harrial01,done,0,
hendejr01,done,0,
hughela01,done,0,
jackslu02,done,1,
jacksma02,done,1,
jackspi01,done,1,
jacksra02,done,0,
jacobsa01,done,0,
jamesje01,done,0,
jamisan01,done,0,
jonesch03,done,0,
jonesda01,done,0,
kernejo01,done,0,
kingge02,done,0,
lafrera01,done,0,
lewisra02,done,0,
lopezfe01,done,0,
luety01,done,0,
marksse01,done,0,
mccarke01,done,0,
mccoyje01,done,0,
mcderdo01,done,1,
mcfariv01,done,1,
mcgarmi01,done,1,
mcgeeja01,done,1,
mcleoro01,done,0,
millebr01,done,0,
moblecu01,done,0,
mohamna01,done,0,
mooremi01,done,0,
ndiayma01,done,0,
nesbyty01,done,0,
nestera01,done,0,
nowitdi01,done,0,
olowomi01,done,0,
pattean01,done,0,
patteru01,done,0,
piercpa01,done,0,
shawca01,done,0,
sheppje01,done,0,
simonmi01,done,0,
simsal01,done,0,
skinnbr01,done,0,
stackry01,done,0,
stepavl01,done,0,
stojape01,done,0,
sundobr01,done,0,
traylro01,done,0,
wellsbo01,done,0,
wheelty01,done,0,
whiteja01,done,0,
willija02,done,0,
willish01,done,0,
wintetr01,done,0,
youngko01,done,0,
adelde01,done,0,
alexaky01,done,0,
alexatr01,done,0,
alexaty01,done,0,
alkinra01,done,0,
allenka01,done,0,
alvarjo01,done,0,
antetal01,done,0,
antetko01,done,0,
arcidry01,done,0,
artisja01,done,0,
ayayijo01,done,0,
azubuud01,done,0,
badjiib01,done,0,
baileam01,done,0,
baldwpa01,done,0,
baldwwa01,done,0,
barlodo01,done,0,
barnhbr01,done,0,
bassech01,done,0,
batesem01,done,0,
bateske01,done,0,
battlja01,done,0,
baughda01,done,0,
beaucma01,done,0,
beekmre01,done,0,
belljo01,done,0,
bernaju01,done,0,
beyty01,done,0,
birdja01,done,0,
bitimon01,done,0,
blackle01,done,0,
blakean01,done,0,
blevike01,done,0,
blossja01,done,0,
blueva01,done,0,
boehebu01,done,0,
bolbo01,done,0,
boldema01,done,0,
bolomjo01,done,0,
bonejo01,done,0,
bostobr01,done,0,
bouchch01,done,0,
bouyeja01,done,0,
bowenbr02,done,0,
brantja01,done,0,
brazdig01,done,0,
breako01,done,0,
bridgja01,done,0,
brimaam01,done,0,
brissos01,done,0,
brockiz01,done,0,
broekry01,done,0,
brookar01,done,0,
brookke02,done,0,
brownan02,done,0,
brownch02,done,0,
brownch05,done,0,
brownda04,done,0,
browngr01,done,0,
brownke03,done,0,
brownlo01,done,0,
brownma02,done,0,
brownmo01,done,0,
butleja02,done,0,
butlejo01,done,0,
cacokde01,done,0,
cainja01,done,0,
cannade01,done,0,
cardwdy01,done,0,
carlsbr01,done,0,
cartodj01,done,0,
carusal01,done,0,
castlco01,done,0,
caupatr01,done,0,
cavanty01,done,0,
cazalma01,done,0,
champju02,done,0,
champju01,done,0,
chealjo01,done,0,
cheatzy01,done,0,
chiozch01,done,0,
chomcul01,done,0,
chrisjo01,done,0,
cissemo01,done,0,
cissosi01,done,0,
clarkga01,done,0,
clarkja02,done,0,
clavegi01,done,0,
clevean01,done,0,
coffeam01,done,0,
colliky01,done,0,
colsobo01,done,0,
cookqu01,done,0,
cookty01,done,0,
cookech01,done,0,
cookeja01,done,0,
cooleja01,done,0,
coopesh01,done,0,
cornepe01,done,0,
costema01,done,0,
councri01,done,0,
craigto01,done,0,
crawfis01,done,0,
crutcja01,done,0,
cryerlj01,done,0,
cuiyo01,done,0,
culveja01,done,0,
nfalyda01,done,0,
darlina01,done,0,
davisjd01,done,0,
daysda01,done,0,
delgaan01,done,0,
dennide01,done,0,
dennira01,done,0,
derrima01,done,0,
diabamo01,done,0,
diakima01,done,0,
dickihu01,done,0,
dorsety01,done,0,
dotsode01,done,0,
doumbse01,done,0,
dowtije01,done,0,
doylemi01,done,0,
doziepj01,done,0,
drellhe01,done,0,
ducasal01,done,0,
dukeda01,done,0,
duvaltr01,done,0,
edwarje01,done,0,
edwarju01,done,0,
edwarke02,done,0,
edwarvi01,done,0,
elliske01,done,0,
enarutr01,done,0,
etienty01,done,0,
eubandr01,done,0,
evansja01,done,0,
evbuoto01,done,0,
fallta01,done,0,
feldeka01,done,0,
fernabr01,done,0,
fittsma01,done,0,
flaglad01,done,0,
flowetr01,done,0,
fordjo01,done,0,
forretr01,done,0,
fostemi02,done,0,
frazime01,done,0,
frazimi01,done,0,
freemen01,done,0,
freemja01,done,0,
fudgeal01,done,0,
funkan01,done,0,
gabriwe01,done,0,
gardnmy01,done,0,
garrema01,done,0,
garubus01,done,0,
garzalu01,done,0,
gateska01,done,0,
gilbeke01,done,0,
gilesha01,done,0,
gilleco01,done,0,
gilyaja01,done,0,
goldivl01,done,0,
goodwbr01,done,0,
goodwjo01,done,0,
gortmja01,done,0,
grantdo01,done,0,
grayjo01,done,0,
grayra01,done,0,
greenaj01,done,0,
gueyemo01,done,0,
guyky01,done,0,
haganas01,done,0,
hallde01,done,0,
halljo02,done,0,
halljo01,done,0,
hallpj01,done,0,
hamilda02,done,0,
hamptrj01,done,0,
harklej01,done,0,
harpeja01,done,0,
harpero02,done,0,
harrija01,done,0,
harrike01,done,0,
harrish01,done,0,
hausesa01,done,0,
hearnre01,done,0,
henryaa01,done,0,
henrymy01,done,0,
hepbuch01,done,0,
herveke01,done,0,
hicksis01,done,0,
highsha01,done,0,
hillma01,done,0,
hillida01,done,0,
hinsobl01,done,0,
hintona01,done,0,
hoardja01,done,0,
hodgedm01,done,0,
hollajo02,done,0,
hoodsja01,done,0,
houseda01,done,0,
houstca01,done,0,
howarma02,done,0,
howarwi01,done,0,
hudgitr01,done,0,
huffja01,done,0,
hukpoar01,done,0,
huntfe01,done,0,
hunterj01,done,0,
huntevi01,done,0,
huntlcj01,done,0,
hutchch01,done,0,
hylanbo01,done,0,
ingraha01,done,0,
jacksde01,done,0,
jacksfr01,done,0,
jacksgg01,done,0,
jacksju01,done,0,
jacksqu01,done,0,
jamesju01,done,0,
jamesmi02,done,0,
jarrede01,done,0,
jeffeam01,done,0,
jeffrda01,done,0,
jemistr01,done,0,
jenkida01,done,0,
jeromty01,done,0,
johnsal02,done,0,
johnsbj01,done,0,
johnsch06,done,0,
johnsda08,done,0,
johnske07,done,0,
johnske10,done,0,
johnske08,done,0,
jonesca03,done,0,
jonesco02,done,0,
jonescu01,done,0,
jonesde02,done,0,
jonesdi01,done,0,
jonesis01,done,0,
jonesja04,done,0,
joneska01,done,0,
jonesma05,done,0,
jonessp01,done,0,
jonesda06,done,0,
juzanjo01,done,0,
kabenmf01,done,0,
kawamyu01,done,0,
keelstr01,done,0,
kelleky01,done,0,
kellymi02,done,0,
kentja01,done,0,
keybr01,done,0,
kingge03,done,0,
kinglo02,done,0,
knighna01,done,0,
kolokch01,done,0,
konchjo01,done,0,
kornelu01,done,0,
krejcvi01,done,0,
kulboar01,done,0,
lamban01,done,0,
lawvi01,done,0,
lawsoaj01,done,0,
leaftj01,done,0,
leeda03,done,0,
leesa01,done,0,
leonsma01,done,0,
lewissc01,done,0,
liddeej01,done,0,
liveris01,done,0,
livinch01,done,0,
loftoke01,done,0,
louzama01,done,0,
loveca01,done,0,
loydjo01,done,0,
lucaska01,done,0,
lundbga01,done,0,
lundyse01,done,0,
maconda01,done,0,
macurjp01,done,0,
magetjo01,done,0,
magnawi01,done,0,
maledth01,done,0,
mamuksa01,done,0,
maneka01,done,0,
mannini01,done,0,
manonch01,done,0,
marshna01,done,0,
martial01,done,0,
martica02,done,0,
martija02,done,0,
martije02,done,0,
martike03,done,0,
martity01,done,0,
mashaja01,done,0,
masonfr01,done,0,
mathega01,done,0,
mathima01,done,0,
mayssk01,done,0,
mcadoja01,done,0,
mccluma01,done,0,
mccreer01,done,0,
mcculke01,done,0,
mcderse01,done,0,
mcgowbr01,done,0,
mclauja01,done,0,
mclaujo01,done,0,
mcveija01,done,0,
mensana01,done,0,
metuch01,done,0,
milleem01,done,0,
millejo02,done,0,
millema01,done,0,
miltosh01,done,0,
minayju01,done,0,
mitchaj01,done,0,
mitrona01,done,0,
mobleis01,done,0,
mokokad01,done,0,
montelu01,done,0,
moonxa01,done,0,
moonema01,done,0,
moorebe01,done,0,
mooreta02,done,0,
moorewe01,done,0,
moralal01,done,0,
morrimo01,done,0,
motlejo01,done,0,
muldemy01,done,0,
munfoxa02,done,0,
nancepe01,done,0,
nembhrj01,done,0,
nembhry01,done,0,
newtotr01,done,0,
niangge01,done,0,
nixda01,done,0,
norrimi01,done,0,
nowelma01,done,0,
nunnaja01,done,0,
odurojo01,done,0,
olbrila01,done,0,
olivaqu01,done,0,
omierno01,done,0,
omorueu01,done,0,
owensta01,done,0,
paigema01,done,0,
pascher01,done,0,
pasecan01,done,0,
pattoju01,done,0,
paynead01,done,0,
paytoga02,done,0,
pedulse01,done,0,
perryre01,done,0,
peterta01,done,0,
peteral01,done,0,
peterdr01,done,0,
pickeja01,done,0,
pinsoth01,done,0,
pippesc02,done,0,
plowdda01,done,0,
plumlma02,done,0,
ponsyv01,done,0,
portecr01,done,0,
portejo01,done,0,
postqu01,done,0,
pottemi01,done,0,
poulajo01,done,0,
powelmy01,done,0,
poythal01,done,0,
prestja01,done,0,
primojo01,done,0,
prospol01,done,0,
pulleja01,done,0,
pullizy01,done,0,
queentr01,done,0,
quetane01,done,0,
quinole01,done,0,
randlch01,done,0,
reathdu01,done,0,
reavejo02,done,0,
reedda01,done,0,
reedpa01,done,0,
reeseal01,done,0,
reeseju01,done,0,
reevean01,done,0,
reynoca01,done,0,
rhodeja01,done,0,
rillegr01,done,0,
robbili01,done,0,
robinde01,done,0,
robinje01,done,0,
robinju01,done,0,
robinor01,done,0,
robinje02,done,0,
roddyda01,done,0,
rolliry01,done,0,
roweja01,done,0,
ruperra01,done,0,
ryanco01,done,0,
ryanma01,done,0,
sallihu01,done,0,
samanlu01,done,0,
sampsbr01,done,0,
sampsja02,done,0,
samueje01,done,0,
sandeko01,done,0,
sandfpa01,done,0,
sanogad01,done,0,
sarrol01,done,0,
schakjo01,done,0,
schofad01,done,0,
scrubja01,done,0,
seabrde01,done,0,
searsma01,done,0,
shayoma01,done,0,
shulgma01,done,0,
simmoko01,done,0,
simpskj01,done,0,
simsje01,done,0,
skapidm01,done,0,
slawsja01,done,0,
smallja01,done,0,
smartja01,done,0,
smithdr01,done,0,
smithni01,done,0,
smithte01,done,0,
smithto05,done,0,
smithty02,done,0,
sneedxa01,done,0,
spaldra01,done,0,
spencca01,done,0,
spencpa01,done,0,
stanlca01,done,0,
steveis01,done,0,
stevela01,done,0,
strusma01,done,0,
sumneed01,done,0,
swideco01,done,0,
taylote01,done,0,
telfoja01,done,0,
terreja01,done,0,
terryda01,done,0,
terryty01,done,0,
thomabr01,done,0,
thompet01,done,0,
thorjt01,done,0,
thornsi01,done,0,
tilliki02,done,0,
timmedr01,done,0,
tomlina01,done,0,
tonjejo01,done,0,
toppija01,done,0,
toscaju01,done,0,
toupaax01,done,0,
armeltr01,done,0,
travelu01,done,0,
tshieos01,done,0,
tuckera01,done,0,
umudest01,done,0,
vincega01,done,0,
vukcetr01,done,0,
wainris01,done,0,
walkeja01,done,0,
wallake01,done,0,
wallaty01,done,0,
waltode01,done,0,
washbju01,done,0,
washidu02,done,0,
washity02,done,0,
watanyu01,done,0,
waterli01,done,0,
watertr01,done,0,
watfotr01,done,0,
watkija01,done,0,
watsoan02,done,0,
watsopa01,done,0,
weathqu01,done,0,
webbja01,done,0,
weberbr01,done,0,
welshth01,done,0,
whitean01,done,0,
whiteja03,done,0,
whiteis01,done,0,
whittgr01,done,0,
wieskjo01,done,0,
wiggiaa01,done,0,
wiggili01,done,0,
wilcocj01,done,0,
wileyja01,done,0,
willial03,done,0,
willial06,done,0,
william01,done,0,
willibr03,done,0,
willicj01,done,0,
willido02,done,0,
willijo04,done,0,
willima11,done,0,
willima05,done,0,
willije02,done,0,
willitr02,done,0,
willivi01,done,0,
wilsoja03,done,0,
wilsoja02,done,0,
windldy01,done,0,
winstca01,done,0,
woltena01,done,0,
wongis01,done,0,
woodaro01,done,0,
wrighmc01,done,0,
wrighmo01,done,0,
wrighju02,done,0,
yorkga01,done,0,
youngja05,done,0,
youngja01,done,0,
youngch01,done,0,
zikarro01,done,0,
minixri01,done,1,
perralo01,done,1,
